INSERT INTO Seguro (seguroID, nombre, descripcion, fechaCreacion, cobertura)
VALUES 
    (1, 'Seguro contra Robos en Hogares', 'Protege tus bienes dentro de tu hogar', '2023-01-01', 'Robo en el hogar'),
    (2, 'Seguro contra Robos de Vehículos', 'Cubre el robo total o parcial de tu vehículo', '2023-01-15', 'Robo de vehículo'),
    (3, 'Seguro contra Robos en Negocios', 'Protege tu negocio contra robos y hurtos', '2023-02-01', 'Robo en establecimiento comercial'),
    (4, 'Seguro contra Robos de Joyas', 'Cubre el robo de joyas y objetos de valor', '2023-03-05', 'Robo de joyas y objetos valiosos'),
    (5, 'Seguro contra Robos de Electrónicos', 'Protege tus dispositivos electrónicos contra robos', '2023-04-10', 'Robo de dispositivos electrónicos'),
    (6, 'Seguro contra Robos de Bicicletas', 'Cubre el robo de bicicletas y accesorios', '2023-05-15', 'Robo de bicicletas'),
    (7, 'Seguro contra Robos de Equipos de Trabajo', 'Protege tus herramientas y equipos de trabajo', '2023-06-20', 'Robo de herramientas y equipos'),
    (8, 'Seguro contra Robos en Almacenes', 'Cubre el robo de inventarios y mercancías', '2023-07-25', 'Robo en almacenes y depósitos'),
    (9, 'Seguro contra Robos de Colecciones', 'Protege tus colecciones de arte y objetos raros', '2023-08-30', 'Robo de colecciones y antigüedades'),
    (10, 'Seguro contra Robos de Documentos', 'Cubre el robo o pérdida de documentos importantes', '2023-09-05', 'Robo de documentos y archivos'),
    (11, 'Seguro contra Robos en Joyerías', 'Protege tu joyería contra robos y asaltos', '2023-10-10', 'Robo en joyerías y establecimientos similares'),
    (12, 'Seguro contra Robos de Arte', 'Cubre el robo de obras de arte y piezas coleccionables', '2023-11-15', 'Robo de obras de arte y piezas únicas'),
    (13, 'Seguro contra Robos en Colegios', 'Protege los bienes y equipos de las instituciones educativas', '2023-12-20', 'Robo en instituciones educativas'),
    (14, 'Seguro contra Robos en Estudios', 'Cubre el robo o pérdida de equipos y materiales de estudio', '2024-01-25', 'Robo en instituciones de formación'),
    (15, 'Seguro contra Robos en Oficinas', 'Protege los activos y equipos de tu oficina', '2024-02-01', 'Robo en oficinas y espacios corporativos'),
    (16, 'Seguro contra Robos en Inventario', 'Cubre el robo de inventarios y mercancías', '2024-03-05', 'Robo en almacenes y depósitos'),
    (17, 'Seguro contra Robos de Contratistas', 'Protege las herramientas y equipos de los contratistas', '2024-04-10', 'Robo de herramientas y equipos de trabajo'),
    (18, 'Seguro contra Robos en Exposiciones', 'Cubre el robo de obras y artículos expuestos', '2024-05-15', 'Robo en exposiciones y ferias'),
    (19, 'Seguro contra Robos de Mercancías', 'Protege tus mercancías durante su transporte y almacenamiento', '2024-06-20', 'Robo de mercancías y productos'),
    (20, 'Seguro contra Robos de Embarcaciones', 'Cubre el robo de embarcaciones y accesorios náuticos', '2024-07-25', 'Robo de embarcaciones y equipos marítimos');


INSERT INTO ObjetoAsegurado (objetoID, nombre, tipo, valor, descripcion, ubicacion, seguroID)
VALUES
    (1, 'Televisor Samsung 50 pulgadas', 'Electrónico', 1500.00, 'Televisor LED de alta definición', 'Calle Santa Catalina 123, Arequipa', 5),
    (2, 'Computadora portátil HP', 'Electrónico', 1200.00, 'Portátil de última generación', 'Avenida Ejército 456, Arequipa', 5),
    (3, 'Anillo de compromiso de oro blanco', 'Joyería', 3000.00, 'Anillo con diamante de 1 quilate', 'Calle Lima 789, Arequipa', 4),
    (4, 'Bicicleta de montaña Trek', 'Deportes', 800.00, 'Bicicleta todo terreno con suspensiones', 'Jirón Puno 234, Arequipa', 6),
    (5, 'Herramientas de carpintería', 'Herramientas', 600.00, 'Juego completo de herramientas manuales', 'Calle Melgar 567, Arequipa', 7),
    (6, 'Inventario de ropa de boutique', 'Ropa', 2000.00, 'Colección de prendas de temporada', 'Avenida Parra 890, Arequipa', 8),
    (7, 'Colección de pinturas al óleo', 'Arte', 5000.00, 'Obras de artistas locales', 'Calle La Merced 123, Arequipa', 12),
    (8, 'Equipo de sonido profesional', 'Electrónico', 2500.00, 'Amplificador, mezcladora y altavoces', 'Avenida Venezuela 456, Arequipa', 5),
    (9, 'Moto Yamaha 150cc', 'Vehículo', 3500.00, 'Motocicleta para uso urbano', 'Calle Mariscal Castilla 789, Arequipa', 2),
    (10, 'Colección de monedas antiguas', 'Colección', 1800.00, 'Monedas de distintas épocas y países', 'Avenida La Paz 345, Arequipa', 9),
    (11, 'Maletas de viaje Samsonite', 'Equipaje', 400.00, 'Juego de maletas para viajes largos', 'Calle San Camilo 567, Arequipa', 10),
    (12, 'Colección de libros antiguos', 'Libros', 1200.00, 'Libros de distintos géneros y épocas', 'Avenida Dolores 890, Arequipa', 10),
    (13, 'Instrumentos musicales', 'Instrumentos', 1800.00, 'Guitarra, teclado y batería', 'Calle Misti 123, Arequipa', 11),
    (14, 'Equipamiento médico', 'Equipamiento', 5000.00, 'Material para consultorio médico', 'Avenida Cayma 456, Arequipa', 3),
    (15, 'Colección de vinos y licores', 'Bebidas', 2500.00, 'Botellas de vino y licores de todo el mundo', 'Calle Palacio Viejo 789, Arequipa', 9),
    (16, 'Colección de figuras de acción', 'Colección', 600.00, 'Figuras de personajes de cine y cómics', 'Avenida Ejército 234, Arequipa', 11),
    (17, 'Herramientas de jardinería', 'Herramientas', 300.00, 'Set de herramientas para jardín', 'Calle San Agustín 567, Arequipa', 7),
    (18, 'Colección de relojes de pulsera', 'Relojes', 2800.00, 'Relojes de diversas marcas y estilos', 'Avenida Venezuela 890, Arequipa', 9),
    (19, 'Equipo de camping completo', 'Camping', 700.00, 'Tienda, saco de dormir y accesorios', 'Calle Jerusalén 123, Arequipa', 6),
    (20, 'Cámara fotográfica profesional', 'Electrónico', 1800.00, 'Cámara réflex digital de alta gama', 'Avenida Parra 456, Arequipa', 5);

INSERT INTO Poliza (polizaID, fechaPoliza, fechaInicio, fechaVencimiento, prima, montoCobertura, objetoID)
VALUES
    (1, '2024-02-12', '2024-02-15', '2025-02-15', 500.00, 10000.00, 1),
    (2, '2024-02-13', '2024-02-16', '2025-02-16', 600.00, 12000.00, 2),
    (3, '2024-03-14', '2024-03-17', '2025-03-17', 700.00, 14000.00, 3),
    (4, '2024-04-15', '2024-04-18', '2025-04-18', 800.00, 16000.00, 4),
    (5, '2024-05-16', '2024-05-19', '2025-05-19', 900.00, 18000.00, 5),
    (6, '2024-06-17', '2024-06-20', '2025-06-20', 1000.00, 20000.00, 6),
    (7, '2024-07-18', '2024-07-21', '2025-07-21', 1100.00, 22000.00, 7),
    (8, '2024-08-19', '2024-08-22', '2025-08-22', 1200.00, 24000.00, 8),
    (9, '2024-09-20', '2024-09-23', '2025-09-23', 1300.00, 26000.00, 9),
    (10, '2024-10-21', '2024-10-24', '2025-10-24', 1400.00, 28000.00, 10),
    (11, '2024-11-22', '2024-11-25', '2025-11-25', 1500.00, 30000.00, 11),
    (12, '2025-02-23', '2025-02-26', '2026-02-26', 1600.00, 32000.00, 12),
    (13, '2025-03-24', '2025-03-27', '2026-03-27', 1700.00, 34000.00, 13),
    (14, '2025-04-25', '2025-04-28', '2026-04-28', 1800.00, 36000.00, 14),
    (15, '2025-05-26', '2025-05-29', '2026-05-29', 1900.00, 38000.00, 15),
    (16, '2025-06-27', '2025-06-30', '2026-06-30', 2000.00, 40000.00, 16),
    (17, '2025-07-28', '2025-07-31', '2026-07-31', 2100.00, 42000.00, 17),
    (18, '2025-08-29', '2025-08-01', '2026-08-01', 2200.00, 44000.00, 18),
    (19, '2025-09-30', '2025-09-03', '2026-09-03', 2300.00, 46000.00, 19),
    (20, '2025-10-31', '2025-10-04', '2026-10-04', 2400.00, 48000.00, 20);


INSERT INTO Empleado (empleadoID, nombre, apellidoPaterno, apellidoMaterno, fechaNacimiento, genero, estadoCivil, fechaContratacion, direccion, salario)
VALUES
    (1, 'Carlos', 'Gutierrez', 'Perez', '1985-03-12', 'Masculino', 'Casado', '2010-05-15', 'Calle Los Cedros 123, Arequipa', 1500.00),
    (2, 'Ana', 'Lopez', 'Garcia', '1990-08-20', 'Femenino', 'Soltera', '2011-06-20', 'Avenida Parra 456, Arequipa', 1600.00),
    (3, 'Pedro', 'Martinez', 'Rodriguez', '1982-11-25', 'Masculino', 'Casado', '2009-04-10', 'Jirón San Martin 789, Arequipa', 1700.00),
    (4, 'María', 'Sánchez', 'Diaz', '1988-05-03', 'Femenino', 'Divorciada', '2013-09-28', 'Calle Melgar 890, Arequipa', 1800.00),
    (5, 'Juan', 'Perez', 'Flores', '1980-12-10', 'Masculino', 'Soltero', '2014-02-14', 'Avenida Dolores 234, Arequipa', 1900.00),
    (6, 'Luis', 'Gomez', 'Herrera', '1992-07-18', 'Masculino', 'Casado', '2016-08-30', 'Calle Misti 567, Arequipa', 2000.00),
    (7, 'Fernanda', 'Castro', 'Alvarez', '1987-01-05', 'Femenino', 'Soltera', '2017-10-12', 'Avenida Ejército 123, Arequipa', 2100.00),
    (8, 'Diego', 'Vargas', 'Cruz', '1983-04-20', 'Masculino', 'Casado', '2018-11-25', 'Jirón Puno 456, Arequipa', 2200.00),
    (9, 'Karla', 'Torres', 'Vega', '1995-09-15', 'Femenino', 'Soltera', '2015-07-30', 'Calle Lima 789, Arequipa', 2300.00),
    (10, 'Jorge', 'Ramirez', 'Paredes', '1986-02-28', 'Masculino', 'Soltero', '2019-03-18', 'Avenida Venezuela 890, Arequipa', 2400.00),
    (11, 'Sofia', 'Flores', 'Mendez', '1991-06-17', 'Femenino', 'Casada', '2012-12-05', 'Calle Mariscal Castilla 123, Arequipa', 2500.00),
    (12, 'Daniel', 'Herrera', 'Silva', '1984-10-22', 'Masculino', 'Casado', '2010-08-20', 'Avenida La Paz 456, Arequipa', 2600.00),
    (13, 'Laura', 'Ortega', 'Torres', '1993-03-08', 'Femenino', 'Soltera', '2011-09-15', 'Calle La Merced 789, Arequipa', 2700.00),
    (14, 'Gabriel', 'Cruz', 'Gutierrez', '1980-11-30', 'Masculino', 'Casado', '2013-05-02', 'Avenida Cayma 456, Arequipa', 2800.00),
    (15, 'Valeria', 'Garcia', 'Perez', '1989-07-25', 'Femenino', 'Casada', '2017-01-10', 'Calle San Agustín 456, Arequipa', 2900.00),
    (16, 'Carlos', 'Perez', 'Hernandez', '1996-04-12', 'Masculino', 'Soltero', '2014-06-20', 'Avenida Venezuela 789, Arequipa', 3000.00),
    (17, 'Mariana', 'Lopez', 'Gomez', '1982-08-18', 'Femenino', 'Divorciada', '2018-11-28', 'Calle La Joya 123, Arequipa', 3100.00),
    (18, 'Andres', 'Vega', 'Alvarez', '1990-01-25', 'Masculino', 'Soltero', '2015-02-15', 'Avenida Ejército 456, Arequipa', 3200.00),
    (19, 'Paola', 'Torres', 'Cruz', '1987-05-20', 'Femenino', 'Casada', '2012-03-10', 'Jirón San Martin 789, Arequipa', 3300.00),
    (20, 'Gustavo', 'Mendez', 'Flores', '1983-09-10', 'Masculino', 'Soltero', '2016-04-28', 'Calle Misti 234, Arequipa', 3400.00),
    (21, 'Natalia', 'Silva', 'Gutierrez', '1995-02-15', 'Femenino', 'Soltera', '2019-05-15', 'Avenida Parra 456, Arequipa', 3500.00),
    (22, 'Roberto', 'Hernandez', 'Perez', '1988-06-20', 'Masculino', 'Casado', '2011-08-20', 'Jirón San Martin 789, Arequipa', 3600.00),
    (23, 'Luisa', 'Garcia', 'Herrera', '1980-10-12', 'Femenino', 'Soltera', '2010-07-05', 'Calle Melgar 890, Arequipa', 3700.00),
    (24, 'Ricardo', 'Perez', 'Diaz', '1989-04-30', 'Masculino', 'Casado', '2012-11-18', 'Avenida Dolores 234, Arequipa', 3800.00),
    (25, 'Carmen', 'Martinez', 'Flores', '1993-07-28', 'Femenino', 'Soltera', '2013-10-30', 'Calle Misti 567, Arequipa', 3900.00),
    (26, 'Fernando', 'Herrera', 'Alvarez', '1984-11-15', 'Masculino', 'Casado', '2017-02-12', 'Avenida Ejército 123, Arequipa', 4000.00),
    (27, 'Victoria', 'Ramirez', 'Cruz', '1986-03-18', 'Femenino', 'Soltera', '2015-04-25', 'Jirón Puno 456, Arequipa', 4100.00),
    (28, 'Alejandro', 'Lopez', 'Gomez', '1990-12-25', 'Masculino', 'Casado', '2018-08-10', 'Calle Lima 789, Arequipa', 4200.00),
    (29, 'Camila', 'Gutierrez', 'Perez', '1996-09-20', 'Femenino', 'Soltera', '2016-11-28', 'Avenida Venezuela 890, Arequipa', 4300.00),
    (30, 'Javier', 'Castro', 'Hernandez', '1982-05-10', 'Masculino', 'Casado', '2019-03-05', 'Calle Mariscal Castilla 123, Arequipa', 4400.00),
    (31, 'Paola', 'Vargas', 'Lopez', '1988-08-15', 'Femenino', 'Soltera', '2014-01-20', 'Avenida La Paz 456, Arequipa', 4500.00),
    (32, 'Mario', 'Silva', 'Garcia', '1994-11-30', 'Masculino', 'Casado', '2012-07-12', 'Calle La Merced 789, Arequipa', 4600.00),
    (33, 'Sandra', 'Perez', 'Diaz', '1981-07-05', 'Femenino', 'Soltera', '2016-09-28', 'Avenida Cayma 456, Arequipa', 4700.00),
    (34, 'Roberto', 'Gomez', 'Martinez', '1991-12-10', 'Masculino', 'Casado', '2018-04-02', 'Calle San Agustín 456, Arequipa', 4800.00),
    (35, 'Laura', 'Herrera', 'Perez', '1985-04-17', 'Femenino', 'Divorciada', '2013-11-20', 'Avenida Venezuela 789, Arequipa', 4900.00),
    (36, 'Alejandro', 'Castro', 'Gutierrez', '1987-09-20', 'Masculino', 'Soltero', '2011-12-28', 'Calle La Joya 123, Arequipa', 5000.00),
    (37, 'Natalia', 'Lopez', 'Ramirez', '1993-02-25', 'Femenino', 'Casada', '2019-02-15', 'Avenida Ejército 456, Arequipa', 5100.00),
    (38, 'Carlos', 'Herrera', 'Gomez', '1980-06-20', 'Masculino', 'Soltero', '2010-08-10', 'Jirón San Martin 789, Arequipa', 5200.00),
    (39, 'Fernanda', 'Perez', 'Alvarez', '1989-01-15', 'Femenino', 'Casada', '2015-03-10', 'Avenida Dolores 234, Arequipa', 5300.00),
    (40, 'Juan', 'Garcia', 'Torres', '1992-05-10', 'Masculino', 'Soltero', '2016-06-28', 'Calle Misti 234, Arequipa', 5400.00),
    (41, 'Laura', 'Gutierrez', 'Cruz', '1983-10-12', 'Femenino', 'Casada', '2018-04-20', 'Avenida Parra 456, Arequipa', 5500.00),
    (42, 'Diego', 'Torres', 'Perez', '1990-03-28', 'Masculino', 'Soltero', '2013-09-15', 'Jirón San Martin 789, Arequipa', 5600.00),
    (43, 'Paola', 'Vega', 'Herrera', '1995-08-05', 'Femenino', 'Soltera', '2011-11-28', 'Calle Melgar 890, Arequipa', 5700.00),
    (44, 'Gabriel', 'Lopez', 'Gomez', '1988-12-30', 'Masculino', 'Casado', '2017-02-02', 'Avenida Dolores 234, Arequipa', 5800.00),
    (45, 'Maria', 'Martinez', 'Flores', '1987-07-28', 'Femenino', 'Soltera', '2019-06-30', 'Calle Misti 567, Arequipa', 5900.00),
    (46, 'Luis', 'Ramirez', 'Perez', '1984-11-15', 'Masculino', 'Casado', '2012-08-12', 'Avenida Ejército 123, Arequipa', 6000.00),
    (47, 'Ana', 'Garcia', 'Cruz', '1986-03-18', 'Femenino', 'Soltera', '2016-04-25', 'Jirón Puno 456, Arequipa', 6100.00),
    (48, 'Carlos', 'Herrera', 'Gomez', '1990-12-25', 'Masculino', 'Casado', '2018-09-10', 'Calle Lima 789, Arequipa', 6200.00),
    (49, 'Laura', 'Perez', 'Silva', '1996-09-20', 'Femenino', 'Soltera', '2014-11-28', 'Avenida Venezuela 890, Arequipa', 6300.00),
    (50, 'Juan', 'Castro', 'Hernandez', '1982-05-10', 'Masculino', 'Casado', '2019-08-05', 'Calle Mariscal Castilla 123, Arequipa', 6400.00),
    (51, 'Paola', 'Vargas', 'Lopez', '1988-08-15', 'Femenino', 'Soltera', '2013-01-20', 'Avenida La Paz 456, Arequipa', 6500.00),
    (52, 'Mario', 'Silva', 'Garcia', '1994-11-30', 'Masculino', 'Casado', '2011-07-12', 'Calle La Merced 789, Arequipa', 6600.00),
    (53, 'Sandra', 'Perez', 'Diaz', '1981-07-05', 'Femenino', 'Soltera', '2016-09-28', 'Avenida Cayma 456, Arequipa', 6700.00),
    (54, 'Roberto', 'Gomez', 'Martinez', '1991-12-10', 'Masculino', 'Casado', '2018-04-02', 'Calle San Agustín 456, Arequipa', 6800.00),
    (55, 'Laura', 'Herrera', 'Perez', '1985-04-17', 'Femenino', 'Divorciada', '2013-11-20', 'Avenida Venezuela 789, Arequipa', 6900.00),
    (56, 'Alejandro', 'Castro', 'Gutierrez', '1987-09-20', 'Masculino', 'Soltero', '2010-12-28', 'Calle La Joya 123, Arequipa', 7000.00),
    (57, 'Natalia', 'Lopez', 'Ramirez', '1993-02-25', 'Femenino', 'Casada', '2019-02-15', 'Avenida Ejército 456, Arequipa', 7100.00),
    (58, 'Carlos', 'Herrera', 'Gomez', '1980-06-20', 'Masculino', 'Soltero', '2010-08-10', 'Jirón San Martin 789, Arequipa', 7200.00),
    (59, 'Fernanda', 'Perez', 'Alvarez', '1989-01-15', 'Femenino', 'Casada', '2015-03-10', 'Avenida Dolores 234, Arequipa', 7300.00),
    (60, 'Juan', 'Garcia', 'Torres', '1992-05-10', 'Masculino', 'Soltero', '2016-06-28', 'Calle Misti 234, Arequipa', 7400.00);


INSERT INTO Vendedor (empleadoID, contrasena)
VALUES
    (2, 'password1'),
    (4, 'password2'),
    (6, 'password3'),
    (8, 'password4'),
    (10, 'password5'),
    (12, 'password6'),
    (14, 'password7'),
    (16, 'password8'),
    (18, 'password9'),
    (20, 'password10'),
    (22, 'password11'),
    (24, 'password12'),
    (26, 'password13'),
    (28, 'password14'),
    (30, 'password15'),
    (32, 'password16'),
    (34, 'password17'),
    (36, 'password18'),
    (38, 'password19'),
    (40, 'password20');


INSERT INTO Asesor (empleadoID, email, certificacion)
VALUES
    (1, 'carlos.gutierrez@aseguradora.com', 'Licenciado en Finanzas'),
    (3, 'pedro.martinez@aseguradora.com', 'Licenciado en Economía'),
    (5, 'juan.perez@aseguradora.com', 'Maestría en Finanzas'),
    (7, 'fernanda.castro@aseguradora.com', 'Especialista en Seguros'),
    (9, 'karla.torres@aseguradora.com', 'Licenciado en Contabilidad'),
    (11, 'sofia.flores@aseguradora.com', 'Licenciado en Administración de Empresas'),
    (13, 'laura.ortega@aseguradora.com', 'Licenciado en Finanzas'),
    (15, 'valeria.garcia@aseguradora.com', 'Maestría en Economía'),
    (17, 'luis.ramirez@aseguradora.com', 'Licenciado en Finanzas'),
    (19, 'paola.torres@aseguradora.com', 'Especialista en Finanzas Corporativas'),
    (21, 'natalia.silva@aseguradora.com', 'Licenciado en Economía'),
    (23, 'luisa.garcia@aseguradora.com', 'Licenciado en Finanzas'),
    (25, 'ricardo.perez@aseguradora.com', 'Maestría en Finanzas'),
    (27, 'fernando.herrera@aseguradora.com', 'Licenciado en Contabilidad'),
    (29, 'camila.gutierrez@aseguradora.com', 'Licenciado en Finanzas'),
    (31, 'javier.castro@aseguradora.com', 'Especialista en Riesgos Financieros'),
    (33, 'paola.vargas@aseguradora.com', 'Licenciado en Administración de Empresas'),
    (35, 'alejandro.lopez@aseguradora.com', 'Licenciado en Finanzas'),
    (37, 'natalia.lopez@aseguradora.com', 'Maestría en Economía');



INSERT INTO EvaluadorDeRiesgo (empleadoID, experiencia)
VALUES
    (2, 5),
    (4, 7),
    (6, 4),
    (8, 6),
    (10, 8),
    (12, 3),
    (14, 9),
    (16, 6),
    (18, 5),
    (20, 7),
    (22, 4),
    (24, 6),
    (26, 8),
    (28, 5),
    (30, 7),
    (32, 4),
    (34, 6),
    (36, 8),
    (38, 5),
    (40, 7);



INSERT INTO Cliente VALUES 
(1, 'María', 'Gonzales', 'Perez', '1985-06-20', 'Femenino', 'Casada', 'Calle Lima 123, Lima'),
(2, 'José', 'Diaz', 'Gomez', '1990-09-15', 'Masculino', 'Soltero', 'Avenida Arequipa 456, Arequipa'),
(3, 'Sofía', 'Torres', 'Lopez', '1988-04-12', 'Femenino', 'Soltera', 'Calle Huancayo 789, Huancayo'),
(4, 'Juan', 'Chavez', 'Flores', '1979-11-28', 'Masculino', 'Casado', 'Jirón Cuzco 234, Cusco'),
(5, 'Ana', 'Ramirez', 'Vargas', '1993-07-10', 'Femenino', 'Soltera', 'Avenida Amazonas 567, Iquitos'),
(6, 'Carlos', 'Garcia', 'Castillo', '1987-09-18', 'Masculino', 'Soltero', 'Calle Ayacucho 890, Ayacucho'),
(7, 'Laura', 'Perez', 'Gutierrez', '1989-05-25', 'Femenino', 'Casada', 'Calle Trujillo 345, Trujillo'),
(8, 'Diego', 'Lopez', 'Sanchez', '1991-10-15', 'Masculino', 'Soltero', 'Jirón Lima 678, Lima'),
(9, 'Mariana', 'Martinez', 'Herrera', '1985-12-20', 'Femenino', 'Casada', 'Calle Arequipa 901, Arequipa'),
(10, 'Ricardo', 'Gomez', 'Alvarez', '1983-08-12', 'Masculino', 'Soltero', 'Avenida Puno 123, Puno'),
(11, 'Camila', 'Rodriguez', 'Diaz', '1994-03-05', 'Femenino', 'Soltera', 'Jirón Piura 456, Piura'),
(12, 'Gabriel', 'Flores', 'Garcia', '1990-07-18', 'Masculino', 'Casado', 'Calle Cusco 789, Cusco'),
(13, 'Eva', 'Sanchez', 'Gonzales', '1992-05-20', 'Femenino', 'Soltera', 'Avenida Tacna 567, Tacna'),
(14, 'Pablo', 'Hernandez', 'Ramirez', '1988-09-10', 'Masculino', 'Soltero', 'Calle Huancayo 890, Huancayo'),
(15, 'Julia', 'Alvarez', 'Fernandez', '1985-11-28', 'Femenino', 'Casada', 'Jirón Lima 123, Lima'),
(16, 'Luis', 'Garcia', 'Perez', '1993-07-10', 'Masculino', 'Soltero', 'Avenida Arequipa 456, Arequipa'),
(17, 'Ana', 'Torres', 'Lopez', '1991-09-18', 'Femenino', 'Soltera', 'Calle Huancavelica 789, Huancavelica'),
(18, 'Jorge', 'Perez', 'Castillo', '1988-04-05', 'Masculino', 'Casado', 'Avenida Amazonas 123, Iquitos'),
(19, 'Laura', 'Martinez', 'Sanchez', '1990-10-28', 'Femenino', 'Casada', 'Jirón Puno 456, Puno'),
(20, 'Fernando', 'Gomez', 'Herrera', '1987-12-15', 'Masculino', 'Soltero', 'Calle Moquegua 789, Moquegua');


INSERT INTO ClienteTelefono VALUES 
(1, 1111),
(2, 222),
(3, 3333),
(4, 4444),
(5, 55555),
(6, 6666),
(7, 7777),
(8, 888),
(9, 999),
(10, 10110),
(11, 111),
(12, 121212),
(13, 1313),
(14, 1414),
(15, 151515),
(16, 16166),
(17, 17177),
(18, 18181),
(19, 191),
(20, 20202);


INSERT INTO CompraSeguro (clienteID, seguroID, metodoPago)
VALUES
    (1, 1, 'Tarjeta de crédito'),
    (2, 2, 'Transferencia bancaria'),
    (3, 3, 'Efectivo'),
    (4, 4, 'Tarjeta de débito'),
    (5, 5, 'Cheque'),
    (6, 6, 'Transferencia bancaria'),
    (7, 7, 'Tarjeta de crédito'),
    (8, 8, 'Efectivo'),
    (9, 9, 'Tarjeta de débito'),
    (10, 10, 'Transferencia bancaria'),
    (11, 11, 'Efectivo'),
    (12, 12, 'Tarjeta de crédito'),
    (13, 13, 'Transferencia bancaria'),
    (14, 14, 'Tarjeta de débito'),
    (15, 15, 'Cheque'),
    (16, 16, 'Transferencia bancaria'),
    (17, 17, 'Efectivo'),
    (18, 18, 'Tarjeta de crédito'),
    (19, 19, 'Transferencia bancaria'),
    (20, 20, 'Efectivo');


INSERT INTO BaseLegal (baseLegalID, titulo, tipo, fechaPromulgacion, descripcion, seguroID)
VALUES
    (1, 'Ley de Seguros contra Robo en Domicilios', 'Ley', '2023-01-01', 'Regula los seguros contra robo en domicilios.', 1),
    (2, 'Reglamento de Seguros para Vehículos', 'Reglamento', '2023-02-15', 'Establece las normas para seguros de vehículos contra robo.', 2),
    (3, 'Ley de Protección de Bienes Personales', 'Ley', '2023-03-20', 'Brinda protección legal a los bienes personales contra robos.', 3),
    (4, 'Normativa de Seguros para Joyas y Objetos de Valor', 'Normativa', '2023-04-10', 'Define los requisitos para seguros de joyas y objetos de valor contra robo.', 4),
    (5, 'Ley de Seguros contra Robo de Bicicletas', 'Ley', '2023-05-05', 'Regula los seguros contra robo de bicicletas.', 5),
    (6, 'Reglamento de Seguros para Herramientas', 'Reglamento', '2023-06-30', 'Establece normas para seguros de herramientas contra robo.', 6),
    (7, 'Ley de Protección de Inventario en Almacenes', 'Ley', '2023-07-15', 'Brinda protección legal al inventario almacenado contra robos.', 7),
    (8, 'Normativa de Seguros para Colecciones de Arte', 'Normativa', '2023-08-20', 'Define los requisitos para seguros de colecciones de arte contra robo.', 8),
    (9, 'Reglamento de Seguros para Documentos', 'Reglamento', '2023-09-25', 'Establece normas para seguros de documentos contra robo.', 9),
    (10, 'Ley de Protección de Equipamiento Médico', 'Ley', '2023-10-10', 'Brinda protección legal al equipamiento médico contra robos.', 10),
    (11, 'Reglamento de Seguros para Equipos de Camping', 'Reglamento', '2023-11-05', 'Establece normas para seguros de equipos de camping contra robo.', 11),
    (12, 'Ley de Protección de Exposiciones Artísticas', 'Ley', '2023-12-01', 'Brinda protección legal a exposiciones artísticas contra robos.', 12),
    (13, 'Normativa de Seguros para Mercancías en Tránsito', 'Normativa', '2024-01-15', 'Define los requisitos para seguros de mercancías en tránsito contra robo.', 13),
    (14, 'Reglamento de Seguros para Embarcaciones', 'Reglamento', '2024-02-20', 'Establece normas para seguros de embarcaciones contra robo.', 14),
    (15, 'Ley de Protección de Herramientas de Jardinería', 'Ley', '2024-03-25', 'Brinda protección legal a herramientas de jardinería contra robos.', 15),
    (16, 'Normativa de Seguros para Colecciones de Relojes', 'Normativa', '2024-04-10', 'Define los requisitos para seguros de colecciones de relojes contra robo.', 16),
    (17, 'Reglamento de Seguros para Instrumentos Musicales', 'Reglamento', '2024-05-05', 'Establece normas para seguros de instrumentos musicales contra robo.', 17),
    (18, 'Ley de Protección de Colecciones de Figuras', 'Ley', '2024-06-10', 'Brinda protección legal a colecciones de figuras de acción contra robos.', 18),
    (19, 'Normativa de Seguros para Equipos de Oficina', 'Normativa', '2024-07-15', 'Define los requisitos para seguros de equipos de oficina contra robo.', 19),
    (20, 'Reglamento de Seguros para Artículos Deportivos', 'Reglamento', '2024-08-20', 'Establece normas para seguros de artículos deportivos contra robo.', 20);


INSERT INTO ListaContactosVendedor (empleadoID, contacto)
VALUES
    (2, 'Luis García'),
    (2, 'María Rodríguez'),
    (4, 'Ana Herrera'),
    (4, 'Jorge Gonzales'),
    (6, 'Laura Pérez'),
    (6, 'Diego Medina'),
    (8, 'Carolina Sánchez'),
    (8, 'Miguel Vargas'),
    (10, 'Fabiola Flores'),
    (10, 'Pedro López'),
    (12, 'Lucía Torres'),
    (12, 'Ricardo Díaz'),
    (14, 'Natalia Ramírez'),
    (14, 'Martín Castro'),
    (16, 'Karen Ruiz'),
    (16, 'Carlos Gonzales'),
    (18, 'Jessica Soto'),
    (18, 'Alejandro Salazar'),
    (20, 'Marcela Gonzales'),
    (20, 'Juan Pérez');




INSERT INTO Robo (roboID, tipo, lugar, fechaRobo, reportePolicial, descripcion, objetoID)
VALUES
    (1, 'Asalto', 'Calle Los Cedros 123, Arequipa', '2023-01-05', 'Número de reporte: RP-001', 'Robo a mano armada.', 1),
    (2, 'Hurto', 'Avenida Parra 456, Arequipa', '2023-01-10', 'Número de reporte: RP-002', 'Hurto de vehículo estacionado.', 2),
    (3, 'Robo con Intimidación', 'Jirón San Martin 789, Arequipa', '2023-02-15', 'Número de reporte: RP-003', 'Robo con amenazas en local comercial.', 3),
    (4, 'Robo a Domicilio', 'Calle Melgar 890, Arequipa', '2023-03-20', 'Número de reporte: RP-004', 'Robo de joyas y electrónicos.', 4),
    (5, 'Hurto de Bicicleta', 'Avenida Dolores 234, Arequipa', '2023-04-25', 'Número de reporte: RP-005', 'Bicicleta sustraída de cochera.', 5),
    (6, 'Asalto a Comercio', 'Calle Misti 567, Arequipa', '2023-05-30', 'Número de reporte: RP-006', 'Asalto a tienda de electrónicos.', 6),
    (7, 'Robo de Herramientas', 'Avenida Ejército 123, Arequipa', '2023-06-05', 'Número de reporte: RP-007', 'Herramientas sustraídas de obra en construcción.', 7),
    (8, 'Hurto de Inventarios', 'Jirón Puno 456, Arequipa', '2023-07-10', 'Número de reporte: RP-008', 'Mercancías sustraídas de almacén.', 8),
    (9, 'Robo de Joyería', 'Calle Lima 789, Arequipa', '2023-08-15', 'Número de reporte: RP-009', 'Robo de joyas en casa de empeño.', 9),
    (10, 'Asalto a Persona', 'Avenida Venezuela 890, Arequipa', '2023-09-20', 'Número de reporte: RP-010', 'Asalto en la vía pública.', 10),
    (11, 'Robo de Arte', 'Calle Mariscal Castilla 123, Arequipa', '2023-10-25', 'Número de reporte: RP-011', 'Obras de arte sustraídas de galería.', 11),
    (12, 'Hurto de Vehículo', 'Avenida La Paz 456, Arequipa', '2023-11-30', 'Número de reporte: RP-012', 'Vehículo robado del estacionamiento.', 12),
    (13, 'Robo de Equipos Médicos', 'Calle La Merced 789, Arequipa', '2024-01-05', 'Número de reporte: RP-013', 'Equipamiento médico sustraído de hospital.', 13),
    (14, 'Hurto de Vinos y Licores', 'Avenida Cayma 456, Arequipa', '2024-02-10', 'Número de reporte: RP-014', 'Botellas de vino robadas de bodega.', 14),
    (15, 'Asalto a Banco', 'Calle Palacio Viejo 789, Arequipa', '2024-03-15', 'Número de reporte: RP-015', 'Asalto a sucursal bancaria.', 15),
    (16, 'Robo de Colección de Monedas', 'Avenida Ejército 234, Arequipa', '2024-04-20', 'Número de reporte: RP-016', 'Colección numismática sustraída de domicilio.', 16),
    (17, 'Robo de Maletas', 'Calle San Agustín 456, Arequipa', '2024-05-25', 'Número de reporte: RP-017', 'Maletas robadas del aeropuerto.', 17),
    (18, 'Hurto de Equipos de Camping', 'Avenida Venezuela 789, Arequipa', '2024-06-30', 'Número de reporte: RP-018', 'Equipos de camping sustraídos de tienda.', 18),
    (19, 'Asalto a Joyería', 'Calle Jerusalén 123, Arequipa', '2024-07-05', 'Número de reporte: RP-019', 'Asalto a joyería en centro comercial.', 19),
    (20, 'Robo de Cámara Fotográfica', 'Avenida Parra 456, Arequipa', '2024-08-10', 'Número de reporte: RP-020', 'Cámara fotográfica sustraída de estudio fotográfico.', 20);


INSERT INTO Reclamo VALUES 
(1, 'Demora en el pago de indemnización', 'Supermercado XYZ', '2023-01-15', 'El reclamo se realiza debido a la demora en el pago de la indemnización.', 1),
(2, 'Negación de cobertura', 'Calle Principal', '2023-02-25', 'El reclamo se realiza debido a la negación de cobertura por parte de la aseguradora.', 2),
(3, 'Monto de indemnización insuficiente', '123 Calle Residencial', '2023-03-20', 'El reclamo se realiza porque el monto de indemnización ofrecido es considerado insuficiente.', 3),
(4, 'Proceso de reclamación complicado', 'Autobús ruta 123', '2023-04-10', 'El reclamo se realiza debido a la dificultad en el proceso de reclamación.', 4),
(5, 'Falta de respuesta a reclamo previo', '234 Galería de Arte', '2023-05-30', 'El reclamo se realiza porque no se ha recibido respuesta a un reclamo anterior.', 5),
(6, 'Demora en el proceso de reclamación', '890 Calle de la Moto', '2023-06-20', 'El reclamo se realiza debido a la demora en el proceso de reclamación.', 1),
(7, 'Negación de cobertura', '101 Calle de la Tecnología', '2023-07-15', 'El reclamo se realiza debido a la negación de cobertura por parte de la aseguradora.', 2),
(8, 'Monto de indemnización insuficiente', '789 Calle Comercial', '2023-08-25', 'El reclamo se realiza porque el monto de indemnización ofrecido es considerado insuficiente.', 3),
(9, 'Proceso de reclamación complicado', '456 Avenida Central', '2023-09-15', 'El reclamo se realiza debido a la dificultad en el proceso de reclamación.', 4),
(10, 'Falta de respuesta a reclamo previo', '567 Calle Personal', '2023-10-05', 'El reclamo se realiza porque no se ha recibido respuesta a un reclamo anterior.', 5),
(11, 'Demora en el pago de indemnización', '9012 Avenida de la Naturaleza', '2023-11-30', 'El reclamo se realiza debido a la demora en el pago de la indemnización.', 1),
(12, 'Negación de cobertura', '345 Calle del Cine', '2023-12-15', 'El reclamo se realiza debido a la negación de cobertura por parte de la aseguradora.', 2),
(13, 'Monto de indemnización insuficiente', '678 Calle de la Fotografía', '2024-01-30', 'El reclamo se realiza porque el monto de indemnización ofrecido es considerado insuficiente.', 3),
(14, 'Proceso de reclamación complicado', '901 Calle del Café', '2024-02-10', 'El reclamo se realiza debido a la dificultad en el proceso de reclamación.', 4),
(15, 'Falta de respuesta a reclamo previo', '2345 Avenida del Chocolate', '2024-03-25', 'El reclamo se realiza porque no se ha recibido respuesta a un reclamo anterior.', 5),
(16, 'Demora en el pago de indemnización', '5678 Calle del Helado', '2024-04-20', 'El reclamo se realiza debido a la demora en el pago de la indemnización.', 1),
(17, 'Negación de cobertura', '123 Calle de la Aventura', '2024-05-15', 'El reclamo se realiza debido a la negación de cobertura por parte de la aseguradora.', 2),
(18, 'Monto de indemnización insuficiente', '890 Calle del Juego', '2024-06-30', 'El reclamo se realiza porque el monto de indemnización ofrecido es considerado insuficiente.', 3),
(19, 'Proceso de reclamación complicado', '1234 Calle del Libro', '2024-07-10', 'El reclamo se realiza debido a la dificultad en el proceso de reclamación.', 4),
(20, 'Falta de respuesta a reclamo previo', '5678 Avenida de la Moda', '2024-08-25', 'El reclamo se realiza porque no se ha recibido respuesta a un reclamo anterior.', 5);


INSERT INTO AnalisisRiesgo (analisisRiesgoID, descripcion, calificacion, empleadoID, objetoID)
VALUES
    (1, 'Evaluación de riesgo para seguro de vivienda', 'Bajo', 2, 1),
    (2, 'Evaluación de riesgo para seguro de automóvil', 'Alto', 4, 2),
    (3, 'Evaluación de riesgo para seguro de salud', 'Medio', 6, 3),
    (4, 'Evaluación de riesgo para seguro de vida', 'Bajo', 8, 4),
    (5, 'Evaluación de riesgo para seguro de propiedad', 'Alto', 10, 5),
    (6, 'Evaluación de riesgo para seguro de responsabilidad civil', 'Medio', 12, 6),
    (7, 'Evaluación de riesgo para seguro de accidentes', 'Bajo', 14, 7),
    (8, 'Evaluación de riesgo para seguro de viaje', 'Alto', 16, 8),
    (9, 'Evaluación de riesgo para seguro de negocios', 'Medio', 18, 9),
    (10, 'Evaluación de riesgo para seguro de mascotas', 'Bajo', 20, 10),
    (11, 'Evaluación de riesgo para seguro de equipo electrónico', 'Alto', 22, 11),
    (12, 'Evaluación de riesgo para seguro de joyas', 'Medio', 24, 12),
    (13, 'Evaluación de riesgo para seguro de arte', 'Bajo', 26, 13),
    (14, 'Evaluación de riesgo para seguro de embarcaciones', 'Alto', 28, 14),
    (15, 'Evaluación de riesgo para seguro de construcción', 'Medio', 30, 15),
    (16, 'Evaluación de riesgo para seguro de equipos pesados', 'Bajo', 32, 16),
    (17, 'Evaluación de riesgo para seguro de eventos', 'Alto', 34, 17),
    (18, 'Evaluación de riesgo para seguro de responsabilidad profesional', 'Medio', 36, 18),
    (19, 'Evaluación de riesgo para seguro de drones', 'Bajo', 38, 19),
    (20, 'Evaluación de riesgo para seguro de bicicletas', 'Alto', 40, 20);




INSERT INTO Publicidad VALUES 
(1, 'Televisión', 5000.00),
(2, 'Radio', 2000.00),
(3, 'Internet', 3000.00),
(4, 'Periódico', 1500.00),
(5, 'Revista', 2500.00),
(6, 'Redes Sociales', 4000.00),
(7, 'Publicidad Exterior', 3500.00),
(8, 'Correo Electrónico', 2800.00),
(9, 'Marketing Directo', 3200.00),
(10, 'Eventos Patrocinados', 4500.00),
(11, 'Publicidad en Línea', 3700.00),
(12, 'Anuncios Impresos', 2600.00),
(13, 'Publicidad Móvil', 3800.00),
(14, 'Publicidad en Autobuses', 3300.00),
(15, 'Marketing de Contenidos', 4200.00),
(16, 'Publicidad en Estadios', 4700.00),
(17, 'Publicidad Interactiva', 3900.00),
(18, 'Marketing de Influencers', 4100.00),
(19, 'Publicidad en Metro', 3400.00),
(20, 'Publicidad en Taxis', 3600.00);


INSERT INTO PublicidadSeguro VALUES 
(1, 1),
(2, 2),
(3, 3),
(4, 4),
(5, 5),
(6, 1),
(7, 2),
(8, 3),
(9, 4),
(10, 5),
(11, 1),
(12, 2),
(13, 3),
(14, 4),
(15, 5),
(16, 1),
(17, 2),
(18, 3),
(19, 4),
(20, 5);
